クラス名（日）,クラス名（英）,RGB値,色サンプルセル,画像サンプル
壁,wall,#787878,,"<svg baseProfile=""full"" height=""50"" version=""1.1"" width=""50"" xmlns=""http://www.w3.org/2000/svg"" xmlns:ev=""http://www.w3.org/2001/xml-events"" xmlns:xlink=""http://www.w3.org/1999/xlink""><defs /><rect fill=""rgb(100%,100%,100%)"" height=""50"" width=""50"" x=""0"" y=""0"" /></svg>"
建物,building,#B47878,,"<svg baseProfile=""full"" height=""50"" version=""1.1"" width=""50"" xmlns=""http://www.w3.org/2000/svg"" xmlns:ev=""http://www.w3.org/2001/xml-events"" xmlns:xlink=""http://www.w3.org/1999/xlink""><defs /><rect fill=""rgb(100%,100%,100%)"" height=""50"" width=""50"" x=""0"" y=""0"" /></svg>"
空,sky,#06E6E6,,"<svg baseProfile=""full"" height=""50"" version=""1.1"" width=""50"" xmlns=""http://www.w3.org/2000/svg"" xmlns:ev=""http://www.w3.org/2001/xml-events"" xmlns:xlink=""http://www.w3.org/1999/xlink""><defs /><rect fill=""rgb(6%,100%,100%)"" height=""50"" width=""50"" x=""0"" y=""0"" /></svg>"
床,floor,#503232,,"<svg baseProfile=""full"" height=""50"" version=""1.1"" width=""50"" xmlns=""http://www.w3.org/2000/svg"" xmlns:ev=""http://www.w3.org/2001/xml-events"" xmlns:xlink=""http://www.w3.org/1999/xlink""><defs /><rect fill=""rgb(80%,50%,50%)"" height=""50"" width=""50"" x=""0"" y=""0"" /></svg>"
木,tree,#04C803,,"<svg baseProfile=""full"" height=""50"" version=""1.1"" width=""50"" xmlns=""http://www.w3.org/2000/svg"" xmlns:ev=""http://www.w3.org/2001/xml-events"" xmlns:xlink=""http://www.w3.org/1999/xlink""><defs /><rect fill=""rgb(4%,100%,3%)"" height=""50"" width=""50"" x=""0"" y=""0"" /></svg>"
シーリング,ceiling,#787850,,"<svg baseProfile=""full"" height=""50"" version=""1.1"" width=""50"" xmlns=""http://www.w3.org/2000/svg"" xmlns:ev=""http://www.w3.org/2001/xml-events"" xmlns:xlink=""http://www.w3.org/1999/xlink""><defs /><rect fill=""rgb(100%,100%,80%)"" height=""50"" width=""50"" x=""0"" y=""0"" /></svg>"
道,road,#8C8C8C,,"<svg baseProfile=""full"" height=""50"" version=""1.1"" width=""50"" xmlns=""http://www.w3.org/2000/svg"" xmlns:ev=""http://www.w3.org/2001/xml-events"" xmlns:xlink=""http://www.w3.org/1999/xlink""><defs /><rect fill=""rgb(100%,100%,100%)"" height=""50"" width=""50"" x=""0"" y=""0"" /></svg>"
ベッド,bed ,#CC05FF,,"<svg baseProfile=""full"" height=""50"" version=""1.1"" width=""50"" xmlns=""http://www.w3.org/2000/svg"" xmlns:ev=""http://www.w3.org/2001/xml-events"" xmlns:xlink=""http://www.w3.org/1999/xlink""><defs /><rect fill=""rgb(100%,5%,100%)"" height=""50"" width=""50"" x=""0"" y=""0"" /></svg>"
ウィンドウペイン,windowpane,#E6E6E6,,"<svg baseProfile=""full"" height=""50"" version=""1.1"" width=""50"" xmlns=""http://www.w3.org/2000/svg"" xmlns:ev=""http://www.w3.org/2001/xml-events"" xmlns:xlink=""http://www.w3.org/1999/xlink""><defs /><rect fill=""rgb(100%,100%,100%)"" height=""50"" width=""50"" x=""0"" y=""0"" /></svg>"
草,grass,#04FA07,,"<svg baseProfile=""full"" height=""50"" version=""1.1"" width=""50"" xmlns=""http://www.w3.org/2000/svg"" xmlns:ev=""http://www.w3.org/2001/xml-events"" xmlns:xlink=""http://www.w3.org/1999/xlink""><defs /><rect fill=""rgb(4%,100%,7%)"" height=""50"" width=""50"" x=""0"" y=""0"" /></svg>"
キャビネット,cabinet,#E005FF,,"<svg baseProfile=""full"" height=""50"" version=""1.1"" width=""50"" xmlns=""http://www.w3.org/2000/svg"" xmlns:ev=""http://www.w3.org/2001/xml-events"" xmlns:xlink=""http://www.w3.org/1999/xlink""><defs /><rect fill=""rgb(100%,5%,100%)"" height=""50"" width=""50"" x=""0"" y=""0"" /></svg>"
歩道,sidewalk,#EBFF07,,"<svg baseProfile=""full"" height=""50"" version=""1.1"" width=""50"" xmlns=""http://www.w3.org/2000/svg"" xmlns:ev=""http://www.w3.org/2001/xml-events"" xmlns:xlink=""http://www.w3.org/1999/xlink""><defs /><rect fill=""rgb(100%,100%,7%)"" height=""50"" width=""50"" x=""0"" y=""0"" /></svg>"
人,person,#96053D,,"<svg baseProfile=""full"" height=""50"" version=""1.1"" width=""50"" xmlns=""http://www.w3.org/2000/svg"" xmlns:ev=""http://www.w3.org/2001/xml-events"" xmlns:xlink=""http://www.w3.org/1999/xlink""><defs /><rect fill=""rgb(100%,5%,61%)"" height=""50"" width=""50"" x=""0"" y=""0"" /></svg>"
地球,earth,#787846,,"<svg baseProfile=""full"" height=""50"" version=""1.1"" width=""50"" xmlns=""http://www.w3.org/2000/svg"" xmlns:ev=""http://www.w3.org/2001/xml-events"" xmlns:xlink=""http://www.w3.org/1999/xlink""><defs /><rect fill=""rgb(100%,100%,70%)"" height=""50"" width=""50"" x=""0"" y=""0"" /></svg>"
ドア,door,#08FF33,,"<svg baseProfile=""full"" height=""50"" version=""1.1"" width=""50"" xmlns=""http://www.w3.org/2000/svg"" xmlns:ev=""http://www.w3.org/2001/xml-events"" xmlns:xlink=""http://www.w3.org/1999/xlink""><defs /><rect fill=""rgb(8%,100%,51%)"" height=""50"" width=""50"" x=""0"" y=""0"" /></svg>"
テーブル,table,#FF0652,,"<svg baseProfile=""full"" height=""50"" version=""1.1"" width=""50"" xmlns=""http://www.w3.org/2000/svg"" xmlns:ev=""http://www.w3.org/2001/xml-events"" xmlns:xlink=""http://www.w3.org/1999/xlink""><defs /><rect fill=""rgb(100%,6%,82%)"" height=""50"" width=""50"" x=""0"" y=""0"" /></svg>"
山,mountain,#8FFF8C,,"<svg baseProfile=""full"" height=""50"" version=""1.1"" width=""50"" xmlns=""http://www.w3.org/2000/svg"" xmlns:ev=""http://www.w3.org/2001/xml-events"" xmlns:xlink=""http://www.w3.org/1999/xlink""><defs /><rect fill=""rgb(100%,100%,100%)"" height=""50"" width=""50"" x=""0"" y=""0"" /></svg>"
植物,plant,#CCFF04,,"<svg baseProfile=""full"" height=""50"" version=""1.1"" width=""50"" xmlns=""http://www.w3.org/2000/svg"" xmlns:ev=""http://www.w3.org/2001/xml-events"" xmlns:xlink=""http://www.w3.org/1999/xlink""><defs /><rect fill=""rgb(100%,100%,4%)"" height=""50"" width=""50"" x=""0"" y=""0"" /></svg>"
カーテン,curtain,#FF3307,,"<svg baseProfile=""full"" height=""50"" version=""1.1"" width=""50"" xmlns=""http://www.w3.org/2000/svg"" xmlns:ev=""http://www.w3.org/2001/xml-events"" xmlns:xlink=""http://www.w3.org/1999/xlink""><defs /><rect fill=""rgb(100%,51%,7%)"" height=""50"" width=""50"" x=""0"" y=""0"" /></svg>"
椅子,chair,#CC4603,,"<svg baseProfile=""full"" height=""50"" version=""1.1"" width=""50"" xmlns=""http://www.w3.org/2000/svg"" xmlns:ev=""http://www.w3.org/2001/xml-events"" xmlns:xlink=""http://www.w3.org/1999/xlink""><defs /><rect fill=""rgb(100%,70%,3%)"" height=""50"" width=""50"" x=""0"" y=""0"" /></svg>"
車,car,#0066C8,,"<svg baseProfile=""full"" height=""50"" version=""1.1"" width=""50"" xmlns=""http://www.w3.org/2000/svg"" xmlns:ev=""http://www.w3.org/2001/xml-events"" xmlns:xlink=""http://www.w3.org/1999/xlink""><defs /><rect fill=""rgb(0%,100%,100%)"" height=""50"" width=""50"" x=""0"" y=""0"" /></svg>"
水,water,#3DE6FA,,"<svg baseProfile=""full"" height=""50"" version=""1.1"" width=""50"" xmlns=""http://www.w3.org/2000/svg"" xmlns:ev=""http://www.w3.org/2001/xml-events"" xmlns:xlink=""http://www.w3.org/1999/xlink""><defs /><rect fill=""rgb(61%,100%,100%)"" height=""50"" width=""50"" x=""0"" y=""0"" /></svg>"
絵画,painting,#FF0633,,"<svg baseProfile=""full"" height=""50"" version=""1.1"" width=""50"" xmlns=""http://www.w3.org/2000/svg"" xmlns:ev=""http://www.w3.org/2001/xml-events"" xmlns:xlink=""http://www.w3.org/1999/xlink""><defs /><rect fill=""rgb(100%,6%,51%)"" height=""50"" width=""50"" x=""0"" y=""0"" /></svg>"
ソファー,sofa,#0B66FF,,"<svg baseProfile=""full"" height=""50"" version=""1.1"" width=""50"" xmlns=""http://www.w3.org/2000/svg"" xmlns:ev=""http://www.w3.org/2001/xml-events"" xmlns:xlink=""http://www.w3.org/1999/xlink""><defs /><rect fill=""rgb(11%,100%,100%)"" height=""50"" width=""50"" x=""0"" y=""0"" /></svg>"
棚,shelf,#FF0747,,"<svg baseProfile=""full"" height=""50"" version=""1.1"" width=""50"" xmlns=""http://www.w3.org/2000/svg"" xmlns:ev=""http://www.w3.org/2001/xml-events"" xmlns:xlink=""http://www.w3.org/1999/xlink""><defs /><rect fill=""rgb(100%,7%,71%)"" height=""50"" width=""50"" x=""0"" y=""0"" /></svg>"
家,house,#FF09E0,,"<svg baseProfile=""full"" height=""50"" version=""1.1"" width=""50"" xmlns=""http://www.w3.org/2000/svg"" xmlns:ev=""http://www.w3.org/2001/xml-events"" xmlns:xlink=""http://www.w3.org/1999/xlink""><defs /><rect fill=""rgb(100%,9%,100%)"" height=""50"" width=""50"" x=""0"" y=""0"" /></svg>"
海,sea,#0907E6,,"<svg baseProfile=""full"" height=""50"" version=""1.1"" width=""50"" xmlns=""http://www.w3.org/2000/svg"" xmlns:ev=""http://www.w3.org/2001/xml-events"" xmlns:xlink=""http://www.w3.org/1999/xlink""><defs /><rect fill=""rgb(9%,7%,100%)"" height=""50"" width=""50"" x=""0"" y=""0"" /></svg>"
鏡,mirror,#DCDCDC,,"<svg baseProfile=""full"" height=""50"" version=""1.1"" width=""50"" xmlns=""http://www.w3.org/2000/svg"" xmlns:ev=""http://www.w3.org/2001/xml-events"" xmlns:xlink=""http://www.w3.org/1999/xlink""><defs /><rect fill=""rgb(100%,100%,100%)"" height=""50"" width=""50"" x=""0"" y=""0"" /></svg>"
ラグ,rug,#FF095C,,"<svg baseProfile=""full"" height=""50"" version=""1.1"" width=""50"" xmlns=""http://www.w3.org/2000/svg"" xmlns:ev=""http://www.w3.org/2001/xml-events"" xmlns:xlink=""http://www.w3.org/1999/xlink""><defs /><rect fill=""rgb(100%,9%,92%)"" height=""50"" width=""50"" x=""0"" y=""0"" /></svg>"
分野,field,#7009FF,,"<svg baseProfile=""full"" height=""50"" version=""1.1"" width=""50"" xmlns=""http://www.w3.org/2000/svg"" xmlns:ev=""http://www.w3.org/2001/xml-events"" xmlns:xlink=""http://www.w3.org/1999/xlink""><defs /><rect fill=""rgb(100%,9%,100%)"" height=""50"" width=""50"" x=""0"" y=""0"" /></svg>"
アームチェア,armchair,#08FFD6,,"<svg baseProfile=""full"" height=""50"" version=""1.1"" width=""50"" xmlns=""http://www.w3.org/2000/svg"" xmlns:ev=""http://www.w3.org/2001/xml-events"" xmlns:xlink=""http://www.w3.org/1999/xlink""><defs /><rect fill=""rgb(8%,100%,100%)"" height=""50"" width=""50"" x=""0"" y=""0"" /></svg>"
シート,seat,#07FFE0,,"<svg baseProfile=""full"" height=""50"" version=""1.1"" width=""50"" xmlns=""http://www.w3.org/2000/svg"" xmlns:ev=""http://www.w3.org/2001/xml-events"" xmlns:xlink=""http://www.w3.org/1999/xlink""><defs /><rect fill=""rgb(7%,100%,100%)"" height=""50"" width=""50"" x=""0"" y=""0"" /></svg>"
フェンス,fence,#FFB806,,"<svg baseProfile=""full"" height=""50"" version=""1.1"" width=""50"" xmlns=""http://www.w3.org/2000/svg"" xmlns:ev=""http://www.w3.org/2001/xml-events"" xmlns:xlink=""http://www.w3.org/1999/xlink""><defs /><rect fill=""rgb(100%,100%,6%)"" height=""50"" width=""50"" x=""0"" y=""0"" /></svg>"
机,desk,#0AFF47,,"<svg baseProfile=""full"" height=""50"" version=""1.1"" width=""50"" xmlns=""http://www.w3.org/2000/svg"" xmlns:ev=""http://www.w3.org/2001/xml-events"" xmlns:xlink=""http://www.w3.org/1999/xlink""><defs /><rect fill=""rgb(10%,100%,71%)"" height=""50"" width=""50"" x=""0"" y=""0"" /></svg>"
ロック,rock,#FF290A,,"<svg baseProfile=""full"" height=""50"" version=""1.1"" width=""50"" xmlns=""http://www.w3.org/2000/svg"" xmlns:ev=""http://www.w3.org/2001/xml-events"" xmlns:xlink=""http://www.w3.org/1999/xlink""><defs /><rect fill=""rgb(100%,41%,10%)"" height=""50"" width=""50"" x=""0"" y=""0"" /></svg>"
ワードローブ,wardrobe,#07FFFF,,"<svg baseProfile=""full"" height=""50"" version=""1.1"" width=""50"" xmlns=""http://www.w3.org/2000/svg"" xmlns:ev=""http://www.w3.org/2001/xml-events"" xmlns:xlink=""http://www.w3.org/1999/xlink""><defs /><rect fill=""rgb(7%,100%,100%)"" height=""50"" width=""50"" x=""0"" y=""0"" /></svg>"
ランプ,lamp,#E0FF08,,"<svg baseProfile=""full"" height=""50"" version=""1.1"" width=""50"" xmlns=""http://www.w3.org/2000/svg"" xmlns:ev=""http://www.w3.org/2001/xml-events"" xmlns:xlink=""http://www.w3.org/1999/xlink""><defs /><rect fill=""rgb(100%,100%,8%)"" height=""50"" width=""50"" x=""0"" y=""0"" /></svg>"
バスタブ,bathtub,#6608FF,,"<svg baseProfile=""full"" height=""50"" version=""1.1"" width=""50"" xmlns=""http://www.w3.org/2000/svg"" xmlns:ev=""http://www.w3.org/2001/xml-events"" xmlns:xlink=""http://www.w3.org/1999/xlink""><defs /><rect fill=""rgb(100%,8%,100%)"" height=""50"" width=""50"" x=""0"" y=""0"" /></svg>"
手すり,railing,#FF3D06,,"<svg baseProfile=""full"" height=""50"" version=""1.1"" width=""50"" xmlns=""http://www.w3.org/2000/svg"" xmlns:ev=""http://www.w3.org/2001/xml-events"" xmlns:xlink=""http://www.w3.org/1999/xlink""><defs /><rect fill=""rgb(100%,61%,6%)"" height=""50"" width=""50"" x=""0"" y=""0"" /></svg>"
クッション,cushion,#FFC207,,"<svg baseProfile=""full"" height=""50"" version=""1.1"" width=""50"" xmlns=""http://www.w3.org/2000/svg"" xmlns:ev=""http://www.w3.org/2001/xml-events"" xmlns:xlink=""http://www.w3.org/1999/xlink""><defs /><rect fill=""rgb(100%,100%,7%)"" height=""50"" width=""50"" x=""0"" y=""0"" /></svg>"
ベース,base,#FF7A08,,"<svg baseProfile=""full"" height=""50"" version=""1.1"" width=""50"" xmlns=""http://www.w3.org/2000/svg"" xmlns:ev=""http://www.w3.org/2001/xml-events"" xmlns:xlink=""http://www.w3.org/1999/xlink""><defs /><rect fill=""rgb(100%,100%,8%)"" height=""50"" width=""50"" x=""0"" y=""0"" /></svg>"
箱,box,#00FF14,,"<svg baseProfile=""full"" height=""50"" version=""1.1"" width=""50"" xmlns=""http://www.w3.org/2000/svg"" xmlns:ev=""http://www.w3.org/2001/xml-events"" xmlns:xlink=""http://www.w3.org/1999/xlink""><defs /><rect fill=""rgb(0%,100%,20%)"" height=""50"" width=""50"" x=""0"" y=""0"" /></svg>"
カラム,column,#FF0829,,"<svg baseProfile=""full"" height=""50"" version=""1.1"" width=""50"" xmlns=""http://www.w3.org/2000/svg"" xmlns:ev=""http://www.w3.org/2001/xml-events"" xmlns:xlink=""http://www.w3.org/1999/xlink""><defs /><rect fill=""rgb(100%,8%,41%)"" height=""50"" width=""50"" x=""0"" y=""0"" /></svg>"
看板,signboard,#FF0599,,"<svg baseProfile=""full"" height=""50"" version=""1.1"" width=""50"" xmlns=""http://www.w3.org/2000/svg"" xmlns:ev=""http://www.w3.org/2001/xml-events"" xmlns:xlink=""http://www.w3.org/1999/xlink""><defs /><rect fill=""rgb(100%,5%,100%)"" height=""50"" width=""50"" x=""0"" y=""0"" /></svg>"
引き出しの胸,chest of drawers,#0633FF,,"<svg baseProfile=""full"" height=""50"" version=""1.1"" width=""50"" xmlns=""http://www.w3.org/2000/svg"" xmlns:ev=""http://www.w3.org/2001/xml-events"" xmlns:xlink=""http://www.w3.org/1999/xlink""><defs /><rect fill=""rgb(6%,51%,100%)"" height=""50"" width=""50"" x=""0"" y=""0"" /></svg>"
カウンタ,counter,#EB0CFF,,"<svg baseProfile=""full"" height=""50"" version=""1.1"" width=""50"" xmlns=""http://www.w3.org/2000/svg"" xmlns:ev=""http://www.w3.org/2001/xml-events"" xmlns:xlink=""http://www.w3.org/1999/xlink""><defs /><rect fill=""rgb(100%,12%,100%)"" height=""50"" width=""50"" x=""0"" y=""0"" /></svg>"
砂,sand,#A09614,,"<svg baseProfile=""full"" height=""50"" version=""1.1"" width=""50"" xmlns=""http://www.w3.org/2000/svg"" xmlns:ev=""http://www.w3.org/2001/xml-events"" xmlns:xlink=""http://www.w3.org/1999/xlink""><defs /><rect fill=""rgb(100%,100%,20%)"" height=""50"" width=""50"" x=""0"" y=""0"" /></svg>"
シンク,sink,#00A3FF,,"<svg baseProfile=""full"" height=""50"" version=""1.1"" width=""50"" xmlns=""http://www.w3.org/2000/svg"" xmlns:ev=""http://www.w3.org/2001/xml-events"" xmlns:xlink=""http://www.w3.org/1999/xlink""><defs /><rect fill=""rgb(0%,100%,100%)"" height=""50"" width=""50"" x=""0"" y=""0"" /></svg>"
超高層ビル,skyscraper,#8C8C8C,,"<svg baseProfile=""full"" height=""50"" version=""1.1"" width=""50"" xmlns=""http://www.w3.org/2000/svg"" xmlns:ev=""http://www.w3.org/2001/xml-events"" xmlns:xlink=""http://www.w3.org/1999/xlink""><defs /><rect fill=""rgb(100%,100%,100%)"" height=""50"" width=""50"" x=""0"" y=""0"" /></svg>"
暖炉,fireplace,#FA0A0F,,
冷蔵庫,refrigerator,#14FF00,,"<svg baseProfile=""full"" height=""50"" version=""1.1"" width=""50"" xmlns=""http://www.w3.org/2000/svg"" xmlns:ev=""http://www.w3.org/2001/xml-events"" xmlns:xlink=""http://www.w3.org/1999/xlink""><defs /><rect fill=""rgb(20%,100%,0%)"" height=""50"" width=""50"" x=""0"" y=""0"" /></svg>"
グランドスタンド,grandstand,#1FFF00,,"<svg baseProfile=""full"" height=""50"" version=""1.1"" width=""50"" xmlns=""http://www.w3.org/2000/svg"" xmlns:ev=""http://www.w3.org/2001/xml-events"" xmlns:xlink=""http://www.w3.org/1999/xlink""><defs /><rect fill=""rgb(31%,100%,0%)"" height=""50"" width=""50"" x=""0"" y=""0"" /></svg>"
パス,path,#FF1F00,,"<svg baseProfile=""full"" height=""50"" version=""1.1"" width=""50"" xmlns=""http://www.w3.org/2000/svg"" xmlns:ev=""http://www.w3.org/2001/xml-events"" xmlns:xlink=""http://www.w3.org/1999/xlink""><defs /><rect fill=""rgb(100%,31%,0%)"" height=""50"" width=""50"" x=""0"" y=""0"" /></svg>"
階段,stairs,#FFE000,,"<svg baseProfile=""full"" height=""50"" version=""1.1"" width=""50"" xmlns=""http://www.w3.org/2000/svg"" xmlns:ev=""http://www.w3.org/2001/xml-events"" xmlns:xlink=""http://www.w3.org/1999/xlink""><defs /><rect fill=""rgb(100%,100%,0%)"" height=""50"" width=""50"" x=""0"" y=""0"" /></svg>"
滑走路,runway,#99FF00,,"<svg baseProfile=""full"" height=""50"" version=""1.1"" width=""50"" xmlns=""http://www.w3.org/2000/svg"" xmlns:ev=""http://www.w3.org/2001/xml-events"" xmlns:xlink=""http://www.w3.org/1999/xlink""><defs /><rect fill=""rgb(100%,100%,0%)"" height=""50"" width=""50"" x=""0"" y=""0"" /></svg>"
場合,case,#0000FF,,"<svg baseProfile=""full"" height=""50"" version=""1.1"" width=""50"" xmlns=""http://www.w3.org/2000/svg"" xmlns:ev=""http://www.w3.org/2001/xml-events"" xmlns:xlink=""http://www.w3.org/1999/xlink""><defs /><rect fill=""rgb(0%,0%,100%)"" height=""50"" width=""50"" x=""0"" y=""0"" /></svg>"
プールテーブル,pool table,#FF4700,,"<svg baseProfile=""full"" height=""50"" version=""1.1"" width=""50"" xmlns=""http://www.w3.org/2000/svg"" xmlns:ev=""http://www.w3.org/2001/xml-events"" xmlns:xlink=""http://www.w3.org/1999/xlink""><defs /><rect fill=""rgb(100%,71%,0%)"" height=""50"" width=""50"" x=""0"" y=""0"" /></svg>"
枕,pillow,#00EBFF,,"<svg baseProfile=""full"" height=""50"" version=""1.1"" width=""50"" xmlns=""http://www.w3.org/2000/svg"" xmlns:ev=""http://www.w3.org/2001/xml-events"" xmlns:xlink=""http://www.w3.org/1999/xlink""><defs /><rect fill=""rgb(0%,100%,100%)"" height=""50"" width=""50"" x=""0"" y=""0"" /></svg>"
スクリーンドア,screen door,#00ADFF,,"<svg baseProfile=""full"" height=""50"" version=""1.1"" width=""50"" xmlns=""http://www.w3.org/2000/svg"" xmlns:ev=""http://www.w3.org/2001/xml-events"" xmlns:xlink=""http://www.w3.org/1999/xlink""><defs /><rect fill=""rgb(0%,100%,100%)"" height=""50"" width=""50"" x=""0"" y=""0"" /></svg>"
階段,stairway,#1F00FF,,"<svg baseProfile=""full"" height=""50"" version=""1.1"" width=""50"" xmlns=""http://www.w3.org/2000/svg"" xmlns:ev=""http://www.w3.org/2001/xml-events"" xmlns:xlink=""http://www.w3.org/1999/xlink""><defs /><rect fill=""rgb(31%,0%,100%)"" height=""50"" width=""50"" x=""0"" y=""0"" /></svg>"
川,river,#0BC8C8,,"<svg baseProfile=""full"" height=""50"" version=""1.1"" width=""50"" xmlns=""http://www.w3.org/2000/svg"" xmlns:ev=""http://www.w3.org/2001/xml-events"" xmlns:xlink=""http://www.w3.org/1999/xlink""><defs /><rect fill=""rgb(11%,100%,100%)"" height=""50"" width=""50"" x=""0"" y=""0"" /></svg>"
橋,bridge,#FF5200,,"<svg baseProfile=""full"" height=""50"" version=""1.1"" width=""50"" xmlns=""http://www.w3.org/2000/svg"" xmlns:ev=""http://www.w3.org/2001/xml-events"" xmlns:xlink=""http://www.w3.org/1999/xlink""><defs /><rect fill=""rgb(100%,82%,0%)"" height=""50"" width=""50"" x=""0"" y=""0"" /></svg>"
本棚,bookcase,#00FFF5,,"<svg baseProfile=""full"" height=""50"" version=""1.1"" width=""50"" xmlns=""http://www.w3.org/2000/svg"" xmlns:ev=""http://www.w3.org/2001/xml-events"" xmlns:xlink=""http://www.w3.org/1999/xlink""><defs /><rect fill=""rgb(0%,100%,100%)"" height=""50"" width=""50"" x=""0"" y=""0"" /></svg>"
盲目,blind,#003DFF,,"<svg baseProfile=""full"" height=""50"" version=""1.1"" width=""50"" xmlns=""http://www.w3.org/2000/svg"" xmlns:ev=""http://www.w3.org/2001/xml-events"" xmlns:xlink=""http://www.w3.org/1999/xlink""><defs /><rect fill=""rgb(0%,61%,100%)"" height=""50"" width=""50"" x=""0"" y=""0"" /></svg>"
コー​​ヒーテーブル,coffee table,#00FF70,,"<svg baseProfile=""full"" height=""50"" version=""1.1"" width=""50"" xmlns=""http://www.w3.org/2000/svg"" xmlns:ev=""http://www.w3.org/2001/xml-events"" xmlns:xlink=""http://www.w3.org/1999/xlink""><defs /><rect fill=""rgb(0%,100%,100%)"" height=""50"" width=""50"" x=""0"" y=""0"" /></svg>"
トイレ,toilet,#00FF85,,"<svg baseProfile=""full"" height=""50"" version=""1.1"" width=""50"" xmlns=""http://www.w3.org/2000/svg"" xmlns:ev=""http://www.w3.org/2001/xml-events"" xmlns:xlink=""http://www.w3.org/1999/xlink""><defs /><rect fill=""rgb(0%,100%,100%)"" height=""50"" width=""50"" x=""0"" y=""0"" /></svg>"
花,flower,#FF0000,,"<svg baseProfile=""full"" height=""50"" version=""1.1"" width=""50"" xmlns=""http://www.w3.org/2000/svg"" xmlns:ev=""http://www.w3.org/2001/xml-events"" xmlns:xlink=""http://www.w3.org/1999/xlink""><defs /><rect fill=""rgb(100%,0%,0%)"" height=""50"" width=""50"" x=""0"" y=""0"" /></svg>"
本,book,#FFA300,,"<svg baseProfile=""full"" height=""50"" version=""1.1"" width=""50"" xmlns=""http://www.w3.org/2000/svg"" xmlns:ev=""http://www.w3.org/2001/xml-events"" xmlns:xlink=""http://www.w3.org/1999/xlink""><defs /><rect fill=""rgb(100%,100%,0%)"" height=""50"" width=""50"" x=""0"" y=""0"" /></svg>"
丘,hill,#FF6600,,"<svg baseProfile=""full"" height=""50"" version=""1.1"" width=""50"" xmlns=""http://www.w3.org/2000/svg"" xmlns:ev=""http://www.w3.org/2001/xml-events"" xmlns:xlink=""http://www.w3.org/1999/xlink""><defs /><rect fill=""rgb(100%,100%,0%)"" height=""50"" width=""50"" x=""0"" y=""0"" /></svg>"
ベンチ,bench,#C2FF00,,"<svg baseProfile=""full"" height=""50"" version=""1.1"" width=""50"" xmlns=""http://www.w3.org/2000/svg"" xmlns:ev=""http://www.w3.org/2001/xml-events"" xmlns:xlink=""http://www.w3.org/1999/xlink""><defs /><rect fill=""rgb(100%,100%,0%)"" height=""50"" width=""50"" x=""0"" y=""0"" /></svg>"
カウンタートップ,countertop,#008FFF,,"<svg baseProfile=""full"" height=""50"" version=""1.1"" width=""50"" xmlns=""http://www.w3.org/2000/svg"" xmlns:ev=""http://www.w3.org/2001/xml-events"" xmlns:xlink=""http://www.w3.org/1999/xlink""><defs /><rect fill=""rgb(0%,100%,100%)"" height=""50"" width=""50"" x=""0"" y=""0"" /></svg>"
レンジ,stove,#33FF00,,"<svg baseProfile=""full"" height=""50"" version=""1.1"" width=""50"" xmlns=""http://www.w3.org/2000/svg"" xmlns:ev=""http://www.w3.org/2001/xml-events"" xmlns:xlink=""http://www.w3.org/1999/xlink""><defs /><rect fill=""rgb(51%,100%,0%)"" height=""50"" width=""50"" x=""0"" y=""0"" /></svg>"
手のひら,palm,#0052FF,,"<svg baseProfile=""full"" height=""50"" version=""1.1"" width=""50"" xmlns=""http://www.w3.org/2000/svg"" xmlns:ev=""http://www.w3.org/2001/xml-events"" xmlns:xlink=""http://www.w3.org/1999/xlink""><defs /><rect fill=""rgb(0%,82%,100%)"" height=""50"" width=""50"" x=""0"" y=""0"" /></svg>"
キッチンアイランド,kitchen island,#00FF29,,"<svg baseProfile=""full"" height=""50"" version=""1.1"" width=""50"" xmlns=""http://www.w3.org/2000/svg"" xmlns:ev=""http://www.w3.org/2001/xml-events"" xmlns:xlink=""http://www.w3.org/1999/xlink""><defs /><rect fill=""rgb(0%,100%,41%)"" height=""50"" width=""50"" x=""0"" y=""0"" /></svg>"
コンピューター,computer,#00FFAD,,"<svg baseProfile=""full"" height=""50"" version=""1.1"" width=""50"" xmlns=""http://www.w3.org/2000/svg"" xmlns:ev=""http://www.w3.org/2001/xml-events"" xmlns:xlink=""http://www.w3.org/1999/xlink""><defs /><rect fill=""rgb(0%,100%,100%)"" height=""50"" width=""50"" x=""0"" y=""0"" /></svg>"
スイベルチェア,swivel chair,#0A00FF,,"<svg baseProfile=""full"" height=""50"" version=""1.1"" width=""50"" xmlns=""http://www.w3.org/2000/svg"" xmlns:ev=""http://www.w3.org/2001/xml-events"" xmlns:xlink=""http://www.w3.org/1999/xlink""><defs /><rect fill=""rgb(10%,0%,100%)"" height=""50"" width=""50"" x=""0"" y=""0"" /></svg>"
ボート,boat,#ADFF00,,"<svg baseProfile=""full"" height=""50"" version=""1.1"" width=""50"" xmlns=""http://www.w3.org/2000/svg"" xmlns:ev=""http://www.w3.org/2001/xml-events"" xmlns:xlink=""http://www.w3.org/1999/xlink""><defs /><rect fill=""rgb(100%,100%,0%)"" height=""50"" width=""50"" x=""0"" y=""0"" /></svg>"
バー,bar,#00FF99,,"<svg baseProfile=""full"" height=""50"" version=""1.1"" width=""50"" xmlns=""http://www.w3.org/2000/svg"" xmlns:ev=""http://www.w3.org/2001/xml-events"" xmlns:xlink=""http://www.w3.org/1999/xlink""><defs /><rect fill=""rgb(0%,100%,100%)"" height=""50"" width=""50"" x=""0"" y=""0"" /></svg>"
アーケードマシン,arcade machine,#FF5C00,,"<svg baseProfile=""full"" height=""50"" version=""1.1"" width=""50"" xmlns=""http://www.w3.org/2000/svg"" xmlns:ev=""http://www.w3.org/2001/xml-events"" xmlns:xlink=""http://www.w3.org/1999/xlink""><defs /><rect fill=""rgb(100%,92%,0%)"" height=""50"" width=""50"" x=""0"" y=""0"" /></svg>"
hovel,hovel,#FF00FF,,"<svg baseProfile=""full"" height=""50"" version=""1.1"" width=""50"" xmlns=""http://www.w3.org/2000/svg"" xmlns:ev=""http://www.w3.org/2001/xml-events"" xmlns:xlink=""http://www.w3.org/1999/xlink""><defs /><rect fill=""rgb(100%,0%,100%)"" height=""50"" width=""50"" x=""0"" y=""0"" /></svg>"
バス,bus,#FF00F5,,"<svg baseProfile=""full"" height=""50"" version=""1.1"" width=""50"" xmlns=""http://www.w3.org/2000/svg"" xmlns:ev=""http://www.w3.org/2001/xml-events"" xmlns:xlink=""http://www.w3.org/1999/xlink""><defs /><rect fill=""rgb(100%,0%,100%)"" height=""50"" width=""50"" x=""0"" y=""0"" /></svg>"
タオル,towel,#FF0066,,"<svg baseProfile=""full"" height=""50"" version=""1.1"" width=""50"" xmlns=""http://www.w3.org/2000/svg"" xmlns:ev=""http://www.w3.org/2001/xml-events"" xmlns:xlink=""http://www.w3.org/1999/xlink""><defs /><rect fill=""rgb(100%,0%,100%)"" height=""50"" width=""50"" x=""0"" y=""0"" /></svg>"
ライト,light,#FFAD00,,"<svg baseProfile=""full"" height=""50"" version=""1.1"" width=""50"" xmlns=""http://www.w3.org/2000/svg"" xmlns:ev=""http://www.w3.org/2001/xml-events"" xmlns:xlink=""http://www.w3.org/1999/xlink""><defs /><rect fill=""rgb(100%,100%,0%)"" height=""50"" width=""50"" x=""0"" y=""0"" /></svg>"
トラック,truck,#FF0014,,"<svg baseProfile=""full"" height=""50"" version=""1.1"" width=""50"" xmlns=""http://www.w3.org/2000/svg"" xmlns:ev=""http://www.w3.org/2001/xml-events"" xmlns:xlink=""http://www.w3.org/1999/xlink""><defs /><rect fill=""rgb(100%,0%,20%)"" height=""50"" width=""50"" x=""0"" y=""0"" /></svg>"
タワー,tower,#FFB8B8,,"<svg baseProfile=""full"" height=""50"" version=""1.1"" width=""50"" xmlns=""http://www.w3.org/2000/svg"" xmlns:ev=""http://www.w3.org/2001/xml-events"" xmlns:xlink=""http://www.w3.org/1999/xlink""><defs /><rect fill=""rgb(100%,100%,100%)"" height=""50"" width=""50"" x=""0"" y=""0"" /></svg>"
シャンデリア,chandelier,#001FFF,,"<svg baseProfile=""full"" height=""50"" version=""1.1"" width=""50"" xmlns=""http://www.w3.org/2000/svg"" xmlns:ev=""http://www.w3.org/2001/xml-events"" xmlns:xlink=""http://www.w3.org/1999/xlink""><defs /><rect fill=""rgb(0%,31%,100%)"" height=""50"" width=""50"" x=""0"" y=""0"" /></svg>"
オーニング,awning,#00FF3D,,"<svg baseProfile=""full"" height=""50"" version=""1.1"" width=""50"" xmlns=""http://www.w3.org/2000/svg"" xmlns:ev=""http://www.w3.org/2001/xml-events"" xmlns:xlink=""http://www.w3.org/1999/xlink""><defs /><rect fill=""rgb(0%,100%,61%)"" height=""50"" width=""50"" x=""0"" y=""0"" /></svg>"
街灯,streetlight,#0047FF,,"<svg baseProfile=""full"" height=""50"" version=""1.1"" width=""50"" xmlns=""http://www.w3.org/2000/svg"" xmlns:ev=""http://www.w3.org/2001/xml-events"" xmlns:xlink=""http://www.w3.org/1999/xlink""><defs /><rect fill=""rgb(0%,71%,100%)"" height=""50"" width=""50"" x=""0"" y=""0"" /></svg>"
ブース,booth,#FF00CC,,"<svg baseProfile=""full"" height=""50"" version=""1.1"" width=""50"" xmlns=""http://www.w3.org/2000/svg"" xmlns:ev=""http://www.w3.org/2001/xml-events"" xmlns:xlink=""http://www.w3.org/1999/xlink""><defs /><rect fill=""rgb(100%,0%,100%)"" height=""50"" width=""50"" x=""0"" y=""0"" /></svg>"
テレビレシーバー,television receiver,#00FFC2,,"<svg baseProfile=""full"" height=""50"" version=""1.1"" width=""50"" xmlns=""http://www.w3.org/2000/svg"" xmlns:ev=""http://www.w3.org/2001/xml-events"" xmlns:xlink=""http://www.w3.org/1999/xlink""><defs /><rect fill=""rgb(0%,100%,100%)"" height=""50"" width=""50"" x=""0"" y=""0"" /></svg>"
飛行機,airplane,#00FF52,,"<svg baseProfile=""full"" height=""50"" version=""1.1"" width=""50"" xmlns=""http://www.w3.org/2000/svg"" xmlns:ev=""http://www.w3.org/2001/xml-events"" xmlns:xlink=""http://www.w3.org/1999/xlink""><defs /><rect fill=""rgb(0%,100%,82%)"" height=""50"" width=""50"" x=""0"" y=""0"" /></svg>"
ダートトラック,dirt track,#000AFF,,"<svg baseProfile=""full"" height=""50"" version=""1.1"" width=""50"" xmlns=""http://www.w3.org/2000/svg"" xmlns:ev=""http://www.w3.org/2001/xml-events"" xmlns:xlink=""http://www.w3.org/1999/xlink""><defs /><rect fill=""rgb(0%,10%,100%)"" height=""50"" width=""50"" x=""0"" y=""0"" /></svg>"
衣服,apparel,#0070FF,,"<svg baseProfile=""full"" height=""50"" version=""1.1"" width=""50"" xmlns=""http://www.w3.org/2000/svg"" xmlns:ev=""http://www.w3.org/2001/xml-events"" xmlns:xlink=""http://www.w3.org/1999/xlink""><defs /><rect fill=""rgb(0%,100%,100%)"" height=""50"" width=""50"" x=""0"" y=""0"" /></svg>"
ポール,pole,#3300FF,,"<svg baseProfile=""full"" height=""50"" version=""1.1"" width=""50"" xmlns=""http://www.w3.org/2000/svg"" xmlns:ev=""http://www.w3.org/2001/xml-events"" xmlns:xlink=""http://www.w3.org/1999/xlink""><defs /><rect fill=""rgb(51%,0%,100%)"" height=""50"" width=""50"" x=""0"" y=""0"" /></svg>"
土地,land,#00C2FF,,"<svg baseProfile=""full"" height=""50"" version=""1.1"" width=""50"" xmlns=""http://www.w3.org/2000/svg"" xmlns:ev=""http://www.w3.org/2001/xml-events"" xmlns:xlink=""http://www.w3.org/1999/xlink""><defs /><rect fill=""rgb(0%,100%,100%)"" height=""50"" width=""50"" x=""0"" y=""0"" /></svg>"
バニスター,bannister,#007AFF,,"<svg baseProfile=""full"" height=""50"" version=""1.1"" width=""50"" xmlns=""http://www.w3.org/2000/svg"" xmlns:ev=""http://www.w3.org/2001/xml-events"" xmlns:xlink=""http://www.w3.org/1999/xlink""><defs /><rect fill=""rgb(0%,100%,100%)"" height=""50"" width=""50"" x=""0"" y=""0"" /></svg>"
エスカレーター,escalator,#00FFA3,,"<svg baseProfile=""full"" height=""50"" version=""1.1"" width=""50"" xmlns=""http://www.w3.org/2000/svg"" xmlns:ev=""http://www.w3.org/2001/xml-events"" xmlns:xlink=""http://www.w3.org/1999/xlink""><defs /><rect fill=""rgb(0%,100%,100%)"" height=""50"" width=""50"" x=""0"" y=""0"" /></svg>"
オスマン帝国,ottoman,#FF9900,,"<svg baseProfile=""full"" height=""50"" version=""1.1"" width=""50"" xmlns=""http://www.w3.org/2000/svg"" xmlns:ev=""http://www.w3.org/2001/xml-events"" xmlns:xlink=""http://www.w3.org/1999/xlink""><defs /><rect fill=""rgb(100%,100%,0%)"" height=""50"" width=""50"" x=""0"" y=""0"" /></svg>"
ボトル,bottle,#00FF0A,,"<svg baseProfile=""full"" height=""50"" version=""1.1"" width=""50"" xmlns=""http://www.w3.org/2000/svg"" xmlns:ev=""http://www.w3.org/2001/xml-events"" xmlns:xlink=""http://www.w3.org/1999/xlink""><defs /><rect fill=""rgb(0%,100%,10%)"" height=""50"" width=""50"" x=""0"" y=""0"" /></svg>"
ビュッフェ,buffet,#FF7000,,"<svg baseProfile=""full"" height=""50"" version=""1.1"" width=""50"" xmlns=""http://www.w3.org/2000/svg"" xmlns:ev=""http://www.w3.org/2001/xml-events"" xmlns:xlink=""http://www.w3.org/1999/xlink""><defs /><rect fill=""rgb(100%,100%,0%)"" height=""50"" width=""50"" x=""0"" y=""0"" /></svg>"
ポスター,poster,#8FFF00,,"<svg baseProfile=""full"" height=""50"" version=""1.1"" width=""50"" xmlns=""http://www.w3.org/2000/svg"" xmlns:ev=""http://www.w3.org/2001/xml-events"" xmlns:xlink=""http://www.w3.org/1999/xlink""><defs /><rect fill=""rgb(100%,100%,0%)"" height=""50"" width=""50"" x=""0"" y=""0"" /></svg>"
ステージ,stage,#5200FF,,"<svg baseProfile=""full"" height=""50"" version=""1.1"" width=""50"" xmlns=""http://www.w3.org/2000/svg"" xmlns:ev=""http://www.w3.org/2001/xml-events"" xmlns:xlink=""http://www.w3.org/1999/xlink""><defs /><rect fill=""rgb(82%,0%,100%)"" height=""50"" width=""50"" x=""0"" y=""0"" /></svg>"
バン,van,#A3FF00,,"<svg baseProfile=""full"" height=""50"" version=""1.1"" width=""50"" xmlns=""http://www.w3.org/2000/svg"" xmlns:ev=""http://www.w3.org/2001/xml-events"" xmlns:xlink=""http://www.w3.org/1999/xlink""><defs /><rect fill=""rgb(100%,100%,0%)"" height=""50"" width=""50"" x=""0"" y=""0"" /></svg>"
船,ship,#FFEB00,,"<svg baseProfile=""full"" height=""50"" version=""1.1"" width=""50"" xmlns=""http://www.w3.org/2000/svg"" xmlns:ev=""http://www.w3.org/2001/xml-events"" xmlns:xlink=""http://www.w3.org/1999/xlink""><defs /><rect fill=""rgb(100%,100%,0%)"" height=""50"" width=""50"" x=""0"" y=""0"" /></svg>"
噴水,fountain,#08B8AA,,"<svg baseProfile=""full"" height=""50"" version=""1.1"" width=""50"" xmlns=""http://www.w3.org/2000/svg"" xmlns:ev=""http://www.w3.org/2001/xml-events"" xmlns:xlink=""http://www.w3.org/1999/xlink""><defs /><rect fill=""rgb(8%,100%,100%)"" height=""50"" width=""50"" x=""0"" y=""0"" /></svg>"
コンベアベルト,conveyer belt,#8500FF,,"<svg baseProfile=""full"" height=""50"" version=""1.1"" width=""50"" xmlns=""http://www.w3.org/2000/svg"" xmlns:ev=""http://www.w3.org/2001/xml-events"" xmlns:xlink=""http://www.w3.org/1999/xlink""><defs /><rect fill=""rgb(100%,0%,100%)"" height=""50"" width=""50"" x=""0"" y=""0"" /></svg>"
天蓋,canopy,#00FF5C,,"<svg baseProfile=""full"" height=""50"" version=""1.1"" width=""50"" xmlns=""http://www.w3.org/2000/svg"" xmlns:ev=""http://www.w3.org/2001/xml-events"" xmlns:xlink=""http://www.w3.org/1999/xlink""><defs /><rect fill=""rgb(0%,100%,92%)"" height=""50"" width=""50"" x=""0"" y=""0"" /></svg>"
洗濯機,washer,#B800FF,,"<svg baseProfile=""full"" height=""50"" version=""1.1"" width=""50"" xmlns=""http://www.w3.org/2000/svg"" xmlns:ev=""http://www.w3.org/2001/xml-events"" xmlns:xlink=""http://www.w3.org/1999/xlink""><defs /><rect fill=""rgb(100%,0%,100%)"" height=""50"" width=""50"" x=""0"" y=""0"" /></svg>"
遊び,plaything,#FF001F,,"<svg baseProfile=""full"" height=""50"" version=""1.1"" width=""50"" xmlns=""http://www.w3.org/2000/svg"" xmlns:ev=""http://www.w3.org/2001/xml-events"" xmlns:xlink=""http://www.w3.org/1999/xlink""><defs /><rect fill=""rgb(100%,0%,31%)"" height=""50"" width=""50"" x=""0"" y=""0"" /></svg>"
スイミングプール,swimming pool,#00B8FF,,"<svg baseProfile=""full"" height=""50"" version=""1.1"" width=""50"" xmlns=""http://www.w3.org/2000/svg"" xmlns:ev=""http://www.w3.org/2001/xml-events"" xmlns:xlink=""http://www.w3.org/1999/xlink""><defs /><rect fill=""rgb(0%,100%,100%)"" height=""50"" width=""50"" x=""0"" y=""0"" /></svg>"
スツール,stool,#00D6FF,,"<svg baseProfile=""full"" height=""50"" version=""1.1"" width=""50"" xmlns=""http://www.w3.org/2000/svg"" xmlns:ev=""http://www.w3.org/2001/xml-events"" xmlns:xlink=""http://www.w3.org/1999/xlink""><defs /><rect fill=""rgb(0%,100%,100%)"" height=""50"" width=""50"" x=""0"" y=""0"" /></svg>"
バレル,barrel,#FF0070,,"<svg baseProfile=""full"" height=""50"" version=""1.1"" width=""50"" xmlns=""http://www.w3.org/2000/svg"" xmlns:ev=""http://www.w3.org/2001/xml-events"" xmlns:xlink=""http://www.w3.org/1999/xlink""><defs /><rect fill=""rgb(100%,0%,100%)"" height=""50"" width=""50"" x=""0"" y=""0"" /></svg>"
バスケット,basket,#5CFF00,,"<svg baseProfile=""full"" height=""50"" version=""1.1"" width=""50"" xmlns=""http://www.w3.org/2000/svg"" xmlns:ev=""http://www.w3.org/2001/xml-events"" xmlns:xlink=""http://www.w3.org/1999/xlink""><defs /><rect fill=""rgb(92%,100%,0%)"" height=""50"" width=""50"" x=""0"" y=""0"" /></svg>"
滝,waterfall,#00E0FF,,"<svg baseProfile=""full"" height=""50"" version=""1.1"" width=""50"" xmlns=""http://www.w3.org/2000/svg"" xmlns:ev=""http://www.w3.org/2001/xml-events"" xmlns:xlink=""http://www.w3.org/1999/xlink""><defs /><rect fill=""rgb(0%,100%,100%)"" height=""50"" width=""50"" x=""0"" y=""0"" /></svg>"
テント,tent,#70E0FF,,"<svg baseProfile=""full"" height=""50"" version=""1.1"" width=""50"" xmlns=""http://www.w3.org/2000/svg"" xmlns:ev=""http://www.w3.org/2001/xml-events"" xmlns:xlink=""http://www.w3.org/1999/xlink""><defs /><rect fill=""rgb(100%,100%,100%)"" height=""50"" width=""50"" x=""0"" y=""0"" /></svg>"
バッグ,bag,#46B8A0,,"<svg baseProfile=""full"" height=""50"" version=""1.1"" width=""50"" xmlns=""http://www.w3.org/2000/svg"" xmlns:ev=""http://www.w3.org/2001/xml-events"" xmlns:xlink=""http://www.w3.org/1999/xlink""><defs /><rect fill=""rgb(70%,100%,100%)"" height=""50"" width=""50"" x=""0"" y=""0"" /></svg>"
ミニビケ,minibike,#A300FF,,"<svg baseProfile=""full"" height=""50"" version=""1.1"" width=""50"" xmlns=""http://www.w3.org/2000/svg"" xmlns:ev=""http://www.w3.org/2001/xml-events"" xmlns:xlink=""http://www.w3.org/1999/xlink""><defs /><rect fill=""rgb(100%,0%,100%)"" height=""50"" width=""50"" x=""0"" y=""0"" /></svg>"
ゆりかご,cradle,#9900FF,,"<svg baseProfile=""full"" height=""50"" version=""1.1"" width=""50"" xmlns=""http://www.w3.org/2000/svg"" xmlns:ev=""http://www.w3.org/2001/xml-events"" xmlns:xlink=""http://www.w3.org/1999/xlink""><defs /><rect fill=""rgb(100%,0%,100%)"" height=""50"" width=""50"" x=""0"" y=""0"" /></svg>"
オーブン,oven,#47FF00,,"<svg baseProfile=""full"" height=""50"" version=""1.1"" width=""50"" xmlns=""http://www.w3.org/2000/svg"" xmlns:ev=""http://www.w3.org/2001/xml-events"" xmlns:xlink=""http://www.w3.org/1999/xlink""><defs /><rect fill=""rgb(71%,100%,0%)"" height=""50"" width=""50"" x=""0"" y=""0"" /></svg>"
ボール,ball,#FF00A3,,"<svg baseProfile=""full"" height=""50"" version=""1.1"" width=""50"" xmlns=""http://www.w3.org/2000/svg"" xmlns:ev=""http://www.w3.org/2001/xml-events"" xmlns:xlink=""http://www.w3.org/1999/xlink""><defs /><rect fill=""rgb(100%,0%,100%)"" height=""50"" width=""50"" x=""0"" y=""0"" /></svg>"
食べ物,food,#FFCC00,,"<svg baseProfile=""full"" height=""50"" version=""1.1"" width=""50"" xmlns=""http://www.w3.org/2000/svg"" xmlns:ev=""http://www.w3.org/2001/xml-events"" xmlns:xlink=""http://www.w3.org/1999/xlink""><defs /><rect fill=""rgb(100%,100%,0%)"" height=""50"" width=""50"" x=""0"" y=""0"" /></svg>"
ステップ,step,#FF008F,,"<svg baseProfile=""full"" height=""50"" version=""1.1"" width=""50"" xmlns=""http://www.w3.org/2000/svg"" xmlns:ev=""http://www.w3.org/2001/xml-events"" xmlns:xlink=""http://www.w3.org/1999/xlink""><defs /><rect fill=""rgb(100%,0%,100%)"" height=""50"" width=""50"" x=""0"" y=""0"" /></svg>"
タンク,tank,#00FFEB,,"<svg baseProfile=""full"" height=""50"" version=""1.1"" width=""50"" xmlns=""http://www.w3.org/2000/svg"" xmlns:ev=""http://www.w3.org/2001/xml-events"" xmlns:xlink=""http://www.w3.org/1999/xlink""><defs /><rect fill=""rgb(0%,100%,100%)"" height=""50"" width=""50"" x=""0"" y=""0"" /></svg>"
トレード名,trade name,#85FF00,,"<svg baseProfile=""full"" height=""50"" version=""1.1"" width=""50"" xmlns=""http://www.w3.org/2000/svg"" xmlns:ev=""http://www.w3.org/2001/xml-events"" xmlns:xlink=""http://www.w3.org/1999/xlink""><defs /><rect fill=""rgb(100%,100%,0%)"" height=""50"" width=""50"" x=""0"" y=""0"" /></svg>"
電子レンジ,microwave,#FF00EB,,"<svg baseProfile=""full"" height=""50"" version=""1.1"" width=""50"" xmlns=""http://www.w3.org/2000/svg"" xmlns:ev=""http://www.w3.org/2001/xml-events"" xmlns:xlink=""http://www.w3.org/1999/xlink""><defs /><rect fill=""rgb(100%,0%,100%)"" height=""50"" width=""50"" x=""0"" y=""0"" /></svg>"
ポット,pot,#F500FF,,"<svg baseProfile=""full"" height=""50"" version=""1.1"" width=""50"" xmlns=""http://www.w3.org/2000/svg"" xmlns:ev=""http://www.w3.org/2001/xml-events"" xmlns:xlink=""http://www.w3.org/1999/xlink""><defs /><rect fill=""rgb(100%,0%,100%)"" height=""50"" width=""50"" x=""0"" y=""0"" /></svg>"
動物,animal,#FF007A,,"<svg baseProfile=""full"" height=""50"" version=""1.1"" width=""50"" xmlns=""http://www.w3.org/2000/svg"" xmlns:ev=""http://www.w3.org/2001/xml-events"" xmlns:xlink=""http://www.w3.org/1999/xlink""><defs /><rect fill=""rgb(100%,0%,100%)"" height=""50"" width=""50"" x=""0"" y=""0"" /></svg>"
自転車,bicycle,#FFF500,,"<svg baseProfile=""full"" height=""50"" version=""1.1"" width=""50"" xmlns=""http://www.w3.org/2000/svg"" xmlns:ev=""http://www.w3.org/2001/xml-events"" xmlns:xlink=""http://www.w3.org/1999/xlink""><defs /><rect fill=""rgb(100%,100%,0%)"" height=""50"" width=""50"" x=""0"" y=""0"" /></svg>"
湖,lake,#0ABED4,,"<svg baseProfile=""full"" height=""50"" version=""1.1"" width=""50"" xmlns=""http://www.w3.org/2000/svg"" xmlns:ev=""http://www.w3.org/2001/xml-events"" xmlns:xlink=""http://www.w3.org/1999/xlink""><defs /><rect fill=""rgb(10%,100%,100%)"" height=""50"" width=""50"" x=""0"" y=""0"" /></svg>"
食器洗い機,dishwasher,#D6FF00,,"<svg baseProfile=""full"" height=""50"" version=""1.1"" width=""50"" xmlns=""http://www.w3.org/2000/svg"" xmlns:ev=""http://www.w3.org/2001/xml-events"" xmlns:xlink=""http://www.w3.org/1999/xlink""><defs /><rect fill=""rgb(100%,100%,0%)"" height=""50"" width=""50"" x=""0"" y=""0"" /></svg>"
画面,screen,#00CCFF,,"<svg baseProfile=""full"" height=""50"" version=""1.1"" width=""50"" xmlns=""http://www.w3.org/2000/svg"" xmlns:ev=""http://www.w3.org/2001/xml-events"" xmlns:xlink=""http://www.w3.org/1999/xlink""><defs /><rect fill=""rgb(0%,100%,100%)"" height=""50"" width=""50"" x=""0"" y=""0"" /></svg>"
ブランケット,blanket,#1400FF,,"<svg baseProfile=""full"" height=""50"" version=""1.1"" width=""50"" xmlns=""http://www.w3.org/2000/svg"" xmlns:ev=""http://www.w3.org/2001/xml-events"" xmlns:xlink=""http://www.w3.org/1999/xlink""><defs /><rect fill=""rgb(20%,0%,100%)"" height=""50"" width=""50"" x=""0"" y=""0"" /></svg>"
彫刻,sculpture,#FFFF00,,"<svg baseProfile=""full"" height=""50"" version=""1.1"" width=""50"" xmlns=""http://www.w3.org/2000/svg"" xmlns:ev=""http://www.w3.org/2001/xml-events"" xmlns:xlink=""http://www.w3.org/1999/xlink""><defs /><rect fill=""rgb(100%,100%,0%)"" height=""50"" width=""50"" x=""0"" y=""0"" /></svg>"
フード,hood,#0099FF,,"<svg baseProfile=""full"" height=""50"" version=""1.1"" width=""50"" xmlns=""http://www.w3.org/2000/svg"" xmlns:ev=""http://www.w3.org/2001/xml-events"" xmlns:xlink=""http://www.w3.org/1999/xlink""><defs /><rect fill=""rgb(0%,100%,100%)"" height=""50"" width=""50"" x=""0"" y=""0"" /></svg>"
sconce,sconce,#0029FF,,"<svg baseProfile=""full"" height=""50"" version=""1.1"" width=""50"" xmlns=""http://www.w3.org/2000/svg"" xmlns:ev=""http://www.w3.org/2001/xml-events"" xmlns:xlink=""http://www.w3.org/1999/xlink""><defs /><rect fill=""rgb(0%,41%,100%)"" height=""50"" width=""50"" x=""0"" y=""0"" /></svg>"
花瓶,vase,#00FFCC,,"<svg baseProfile=""full"" height=""50"" version=""1.1"" width=""50"" xmlns=""http://www.w3.org/2000/svg"" xmlns:ev=""http://www.w3.org/2001/xml-events"" xmlns:xlink=""http://www.w3.org/1999/xlink""><defs /><rect fill=""rgb(0%,100%,100%)"" height=""50"" width=""50"" x=""0"" y=""0"" /></svg>"
信号機,traffic light,#2900FF,,"<svg baseProfile=""full"" height=""50"" version=""1.1"" width=""50"" xmlns=""http://www.w3.org/2000/svg"" xmlns:ev=""http://www.w3.org/2001/xml-events"" xmlns:xlink=""http://www.w3.org/1999/xlink""><defs /><rect fill=""rgb(41%,0%,100%)"" height=""50"" width=""50"" x=""0"" y=""0"" /></svg>"
トレイ,tray,#29FF00,,"<svg baseProfile=""full"" height=""50"" version=""1.1"" width=""50"" xmlns=""http://www.w3.org/2000/svg"" xmlns:ev=""http://www.w3.org/2001/xml-events"" xmlns:xlink=""http://www.w3.org/1999/xlink""><defs /><rect fill=""rgb(41%,100%,0%)"" height=""50"" width=""50"" x=""0"" y=""0"" /></svg>"
アシュカン,ashcan,#AD00FF,,"<svg baseProfile=""full"" height=""50"" version=""1.1"" width=""50"" xmlns=""http://www.w3.org/2000/svg"" xmlns:ev=""http://www.w3.org/2001/xml-events"" xmlns:xlink=""http://www.w3.org/1999/xlink""><defs /><rect fill=""rgb(100%,0%,100%)"" height=""50"" width=""50"" x=""0"" y=""0"" /></svg>"
ファン,fan,#00F5FF,,"<svg baseProfile=""full"" height=""50"" version=""1.1"" width=""50"" xmlns=""http://www.w3.org/2000/svg"" xmlns:ev=""http://www.w3.org/2001/xml-events"" xmlns:xlink=""http://www.w3.org/1999/xlink""><defs /><rect fill=""rgb(0%,100%,100%)"" height=""50"" width=""50"" x=""0"" y=""0"" /></svg>"
桟橋,pier,#4700FF,,"<svg baseProfile=""full"" height=""50"" version=""1.1"" width=""50"" xmlns=""http://www.w3.org/2000/svg"" xmlns:ev=""http://www.w3.org/2001/xml-events"" xmlns:xlink=""http://www.w3.org/1999/xlink""><defs /><rect fill=""rgb(71%,0%,100%)"" height=""50"" width=""50"" x=""0"" y=""0"" /></svg>"
CRT画面,crt screen,#7A00FF,,"<svg baseProfile=""full"" height=""50"" version=""1.1"" width=""50"" xmlns=""http://www.w3.org/2000/svg"" xmlns:ev=""http://www.w3.org/2001/xml-events"" xmlns:xlink=""http://www.w3.org/1999/xlink""><defs /><rect fill=""rgb(100%,0%,100%)"" height=""50"" width=""50"" x=""0"" y=""0"" /></svg>"
皿,plate,#00FFB8,,"<svg baseProfile=""full"" height=""50"" version=""1.1"" width=""50"" xmlns=""http://www.w3.org/2000/svg"" xmlns:ev=""http://www.w3.org/2001/xml-events"" xmlns:xlink=""http://www.w3.org/1999/xlink""><defs /><rect fill=""rgb(0%,100%,100%)"" height=""50"" width=""50"" x=""0"" y=""0"" /></svg>"
モニター,monitor,#005CFF,,"<svg baseProfile=""full"" height=""50"" version=""1.1"" width=""50"" xmlns=""http://www.w3.org/2000/svg"" xmlns:ev=""http://www.w3.org/2001/xml-events"" xmlns:xlink=""http://www.w3.org/1999/xlink""><defs /><rect fill=""rgb(0%,92%,100%)"" height=""50"" width=""50"" x=""0"" y=""0"" /></svg>"
掲示板,bulletin board,#B8FF00,,"<svg baseProfile=""full"" height=""50"" version=""1.1"" width=""50"" xmlns=""http://www.w3.org/2000/svg"" xmlns:ev=""http://www.w3.org/2001/xml-events"" xmlns:xlink=""http://www.w3.org/1999/xlink""><defs /><rect fill=""rgb(100%,100%,0%)"" height=""50"" width=""50"" x=""0"" y=""0"" /></svg>"
シャワー,shower,#0085FF,,"<svg baseProfile=""full"" height=""50"" version=""1.1"" width=""50"" xmlns=""http://www.w3.org/2000/svg"" xmlns:ev=""http://www.w3.org/2001/xml-events"" xmlns:xlink=""http://www.w3.org/1999/xlink""><defs /><rect fill=""rgb(0%,100%,100%)"" height=""50"" width=""50"" x=""0"" y=""0"" /></svg>"
ラジエーター,radiator,#FFD600,,"<svg baseProfile=""full"" height=""50"" version=""1.1"" width=""50"" xmlns=""http://www.w3.org/2000/svg"" xmlns:ev=""http://www.w3.org/2001/xml-events"" xmlns:xlink=""http://www.w3.org/1999/xlink""><defs /><rect fill=""rgb(100%,100%,0%)"" height=""50"" width=""50"" x=""0"" y=""0"" /></svg>"
ガラス,glass,#19C2C2,,"<svg baseProfile=""full"" height=""50"" version=""1.1"" width=""50"" xmlns=""http://www.w3.org/2000/svg"" xmlns:ev=""http://www.w3.org/2001/xml-events"" xmlns:xlink=""http://www.w3.org/1999/xlink""><defs /><rect fill=""rgb(25%,100%,100%)"" height=""50"" width=""50"" x=""0"" y=""0"" /></svg>"
クロック,clock,#66FF00,,"<svg baseProfile=""full"" height=""50"" version=""1.1"" width=""50"" xmlns=""http://www.w3.org/2000/svg"" xmlns:ev=""http://www.w3.org/2001/xml-events"" xmlns:xlink=""http://www.w3.org/1999/xlink""><defs /><rect fill=""rgb(100%,100%,0%)"" height=""50"" width=""50"" x=""0"" y=""0"" /></svg>"
フラグ,flag,#5C00FF,,"<svg baseProfile=""full"" height=""50"" version=""1.1"" width=""50"" xmlns=""http://www.w3.org/2000/svg"" xmlns:ev=""http://www.w3.org/2001/xml-events"" xmlns:xlink=""http://www.w3.org/1999/xlink""><defs /><rect fill=""rgb(92%,0%,100%)"" height=""50"" width=""50"" x=""0"" y=""0"" /></svg>"
